,step,idx,x,y,vx,vy,ax,ay,TTC,laneid,attribute,veh_type
0,242150,15,106.34162902832031,-52.383792877197266,22.999502182006836,-0.001248468179255724,-0.7153892517089844,0.0009643344674259424,99999.0,-3,5,3
1,242150,0,228.2890167236328,-32.7630500793457,25.28829002380371,-4.585343360900879,2.3801803588867188,0.25807857513427734,99999.0,-1,1,1
2,242150,1,-94.8094253540039,-52.21247100830078,20.072675704956055,-0.1963433027267456,1.9907188415527344,-0.0205385684967041,-8.88623059338815,-3,1,2
3,242150,2,293.12115478515625,-59.479774475097656,24.47309684753418,-0.014382954686880112,2.90618896484375,-0.003132317215204239,99999.0,-1,1,1
4,242150,3,-75.72911834716797,-54.34739685058594,20.31197166442871,2.956651449203491,0.7982063293457031,-1.9203376770019531,-9.203008416241117,-2,1,2
5,242150,4,-49.84621047973633,-55.88189697265625,23.124414443969727,-0.0003365337906870991,1.7049980163574219,-0.007818845100700855,-23.314983363462495,-2,1,2
6,242150,5,35.022178649902344,-55.88751983642578,26.764493942260742,0.00028620107332244515,2.6307106018066406,-0.00069544737925753,99999.0,-2,1,1
7,242150,6,-20.569726943969727,-59.38325500488281,25.4842472076416,7.68348909332417e-05,1.1273574829101562,0.00023519695969298482,99999.0,-1,1,1
8,242150,7,155.00437927246094,-59.39208984375,23.975488662719727,-0.01833394542336464,-1.4005088806152344,-0.0027498602867126465,99999.0,-1,1,1
9,242150,8,0.0,0.0,0.0,0.0,0.0,0.0,99999.0,-1,2,2
10,242150,9,144.88754272460938,-55.88542938232422,25.01727294921875,-0.012804629281163216,0.1418304443359375,-0.008040918037295341,99999.0,-2,2,2
11,242150,10,247.84201049804688,-48.95014953613281,30.571718215942383,-0.018464086577296257,0.058841705322265625,-0.00046152621507644653,99999.0,-4,2,2
12,242150,11,-11.053301811218262,-48.88330078125,28.49594497680664,9.433509694645181e-05,1.4409065246582031,4.586763679981232e-06,32.63229873882061,-4,2,2
13,242150,12,0.5406832695007324,-51.24118423461914,30.802770614624023,-1.1285672187805176,2.07855224609375,-2.9880130290985107,99999.0,-3,2,1
14,242150,13,305.701904296875,-52.48569869995117,33.13291549682617,-0.020090311765670776,1.447906494140625,-0.0009276159107685089,99999.0,-3,2,1
15,242150,14,43.3721809387207,-48.88337326049805,26.4223575592041,0.00015501859888900071,1.5708732604980469,-5.947804311290383e-06,99999.0,-4,2,2
16,242151,15,108.6247329711914,-52.38391876220703,22.746837615966797,-0.0005160629516467452,-2.5266456604003906,0.007324052043259144,99999.0,-3,5,3
17,242151,0,230.83270263671875,-33.22145080566406,25.54694938659668,-4.565310001373291,2.5865936279296875,0.2003335952758789,99999.0,-1,1,1
18,242151,1,-92.79617309570312,-52.231956481933594,20.136390686035156,-0.19204078614711761,0.6371498107910156,0.04302516579627991,-72.63157589383245,-3,1,2
19,242151,2,295.5843200683594,-59.48123550415039,24.761127471923828,-0.014718865044414997,2.8803062438964844,-0.003359103575348854,99999.0,-1,1,1
20,242151,3,-73.69376373291016,-54.05949020385742,20.399394989013672,2.7350823879241943,0.8742332458496094,-2.2156906127929688,-7.283401706530314,-3,1,2
21,242151,4,-47.52442932128906,-55.88195037841797,23.29422950744629,-0.0008697413722984493,1.698150634765625,-0.005332075525075197,-22.840072472471448,-2,1,2
22,242151,5,37.71306610107422,-55.88750457763672,27.02615737915039,0.00016295351088047028,2.6166343688964844,-0.0012324756244197488,99999.0,-2,1,1
23,242151,6,-18.015127182006836,-59.38325500488281,25.59657096862793,0.00010239115363219753,1.1232376098632812,0.00025556262698955834,99999.0,-1,1,1
24,242151,7,157.40077209472656,-59.39393997192383,23.959962844848633,-0.01832103542983532,-0.1552581787109375,0.00012909993529319763,99999.0,-1,1,1
25,242151,8,-268.9937438964844,-48.8834114074707,0.0,0.0,0.0,0.0,99999.0,-4,2,2
26,242151,9,147.36622619628906,-55.886810302734375,24.544647216796875,-0.01499922014772892,-4.72625732421875,-0.021945908665657043,99999.0,-2,2,2
27,242151,10,250.87664794921875,-48.95199203491211,30.10787582397461,-0.018228968605399132,-4.638423919677734,0.0023511797189712524,99999.0,-4,2,2
28,242151,11,-8.195706367492676,-48.88330078125,28.64125633239746,9.488324576523155e-05,1.4531135559082031,5.4814881877973676e-06,34.09375401708469,-4,2,2
29,242151,12,3.6327288150787354,-51.362342834472656,31.016202926635742,-1.2731493711471558,2.1343231201171875,-1.4458215236663818,12.091861453935541,-3,2,1
30,242151,13,309.02313232421875,-52.48769760131836,33.27693176269531,-0.02018807828426361,1.4401626586914062,-0.0009776651859283447,99999.0,-3,2,1
31,242151,14,46.02301025390625,-48.88337326049805,26.57880401611328,0.00015703801182098687,1.5644645690917969,2.019412931986153e-05,99999.0,-4,2,2
32,242152,15,110.89625549316406,-52.38398742675781,22.70675277709961,-0.0004990299930796027,-0.400848388671875,0.00017032958567142487,99999.0,-3,5,3
33,242152,0,233.4022216796875,-33.67873764038086,25.81273078918457,-4.556483745574951,2.6578140258789062,0.08826255798339844,99999.0,-1,1,1
34,242152,1,-90.78780364990234,-52.27870178222656,20.047327041625977,-0.7463439106941223,-0.8906364440917969,-5.543031215667725,-41.63939895676493,-3,1,2
35,242152,2,298.0761413574219,-59.48271942138672,25.046283721923828,-0.01500129047781229,2.8515625,-0.002824254333972931,99999.0,-1,1,1
36,242152,3,-71.6489028930664,-53.79443359375,20.506961822509766,2.493643045425415,1.0756683349609375,-2.414393424987793,-7.309287729913409,-3,1,2
37,242152,4,-45.18569564819336,-55.88203811645508,23.463388442993164,-0.0012130190152674913,1.69158935546875,-0.003432776313275099,-22.39903232712054,-2,1,2
38,242152,5,40.42998123168945,-55.88750457763672,27.285682678222656,4.517774868872948e-05,2.5952529907226562,-0.0011777576291933656,99999.0,-2,1,1
39,242152,6,-15.449312210083008,-59.38325500488281,25.708486557006836,0.00012390207848511636,1.1191558837890625,0.00021510924852918833,99999.0,-1,1,1
40,242152,7,159.79971313476562,-59.3957405090332,24.008094787597656,-0.018030723556876183,0.4813194274902344,0.0029031187295913696,99999.0,-1,1,1
41,242152,8,-268.9937438964844,-48.8834114074707,0.0,0.0,0.0,0.0,99999.0,-4,2,2
42,242152,9,149.78684997558594,-55.88835144042969,24.02019691467285,-0.016188327223062515,-5.244503021240234,-0.011891070753335953,99999.0,-2,2,2
43,242152,10,253.8526153564453,-48.953792572021484,29.55427360534668,-0.01795780472457409,-5.536022186279297,0.0027116388082504272,99999.0,-4,2,2
44,242152,11,-5.323554992675781,-48.88330078125,28.787006378173828,9.710052836453542e-05,1.4575004577636719,2.2172825993038714e-05,35.55948263204165,-4,2,2
45,242152,12,6.746218204498291,-51.49216842651367,31.232372283935547,-1.2909213304519653,2.161693572998047,-0.1777195930480957,11.629658967095546,-3,2,1
46,242152,13,312.3586730957031,-52.489715576171875,33.42018508911133,-0.020289918407797813,1.4325332641601562,-0.0010184012353420258,99999.0,-3,2,1
47,242152,14,48.689456939697266,-48.88337326049805,26.734580993652344,0.00015624267689418048,1.557769775390625,-7.953349268063903e-06,99999.0,-4,2,2
48,242153,15,113.16993713378906,-52.38398742675781,22.77747917175293,0.0002929049951490015,0.7072639465332031,0.007919350638985634,99999.0,-3,5,3
49,242153,0,235.99827575683594,-34.13494110107422,26.082292556762695,-4.542346000671387,2.69561767578125,0.14137744903564453,99999.0,-1,1,1
50,242153,1,-88.7857666015625,-52.35581588745117,19.998985290527344,-0.9682644605636597,-0.4834175109863281,-2.219205379486084,-29.013829667621287,-3,1,2
51,242153,2,300.5853271484375,-59.48422622680664,25.01253890991211,-0.015362921170890331,-0.3374481201171875,-0.0036163069307804108,99999.0,-1,1,1
52,242153,3,-69.5905532836914,-53.55350875854492,20.660573959350586,2.24666690826416,1.5361213684082031,-2.469761371612549,-7.3665724322900346,-3,1,2
53,242153,4,-42.830081939697266,-55.88218688964844,23.63186264038086,-0.0014150182250887156,1.6847419738769531,-0.002019992098212242,-21.990721900878825,-2,1,2
54,242153,5,43.17271423339844,-55.88750457763672,27.542728424072266,-6.591453711735085e-05,2.5704574584960938,-0.0011109228944405913,99999.0,-2,1,1
55,242153,6,-12.872329711914062,-59.38325500488281,25.81999397277832,0.00014213261601980776,1.1150741577148438,0.00018230537534691393,99999.0,-1,1,1
56,242153,7,162.20541381835938,-59.39752960205078,24.088674545288086,-0.01767059415578842,0.8057975769042969,0.0036012940108776093,99999.0,-1,1,1
57,242153,8,-268.9937438964844,-48.8834114074707,0.0,0.0,0.0,0.0,99999.0,-4,2,2
58,242153,9,152.1805877685547,-55.89002990722656,23.904836654663086,-0.0174543559551239,-1.1536026000976562,-0.012660287320613861,99999.0,-2,2,2
59,242153,10,256.7965087890625,-48.95560073852539,29.384288787841797,-0.017943572252988815,-1.6998481750488281,0.00014232471585273743,99999.0,-4,2,2
60,242153,11,-2.436832904815674,-48.88330078125,28.93273162841797,9.915517148328945e-05,1.4572525024414062,2.0546431187540293e-05,37.03615544404248,-4,2,2
61,242153,12,9.881306648254395,-51.61893081665039,31.448747634887695,-1.2101038694381714,2.1637535095214844,0.8081746101379395,11.334976323815216,-3,2,1
62,242153,13,315.7033386230469,-52.49177169799805,33.3984375,-0.02027549408376217,-0.21747589111328125,0.0001442432403564453,99999.0,-3,2,1
63,242153,14,51.3714485168457,-48.88337326049805,26.88972282409668,0.00015676482871640474,1.5514183044433594,5.221518222242594e-06,99999.0,-4,2,2
64,242154,15,115.453369140625,-52.383914947509766,22.873937606811523,0.0010647313902154565,0.9645843505859375,0.0077182636596262455,99999.0,-3,5,3
65,242154,0,238.62124633789062,-34.58945083618164,26.35295295715332,-4.5208868980407715,2.70660400390625,0.21459102630615234,99999.0,-1,1,1
66,242154,1,-86.7896957397461,-52.46767807006836,19.92440414428711,-1.3929091691970825,-0.7458114624023438,-4.2464470863342285,-21.10752032350503,-3,1,2
67,242154,2,303.03277587890625,-59.4857177734375,23.97370147705078,-0.015000115148723125,-10.388374328613281,0.003628060221672058,99999.0,-1,1,1
68,242154,3,-67.51527404785156,-53.33732604980469,20.83755874633789,1.9970027208328247,1.7698478698730469,-2.4966418743133545,-7.440997680296761,-3,1,2
69,242154,4,-40.45766830444336,-55.882328033447266,23.799659729003906,-0.0014394475147128105,1.6779708862304688,-0.00024429289624094963,-21.61343934772896,-2,1,2
70,242154,5,45.94099426269531,-55.88749694824219,27.79711151123047,-0.00015471385268028826,2.5438308715820312,-0.0008879931410774589,99999.0,-2,1,1
71,242154,6,-10.284215927124023,-59.38325881958008,25.931095123291016,0.00015557280858047307,1.1110115051269531,0.0001344019256066531,99999.0,-1,1,1
72,242154,7,164.6200408935547,-59.39927673339844,24.186134338378906,-0.01724846474826336,0.9745979309082031,0.004221294075250626,99999.0,-1,1,1
73,242154,8,-268.9937438964844,-48.8834114074707,0.0,0.0,0.0,0.0,99999.0,-4,2,2
74,242154,9,154.57261657714844,-55.89179992675781,23.935157775878906,-0.01827193982899189,0.3032112121582031,-0.008175838738679886,99999.0,-2,2,2
75,242154,10,259.7340393066406,-48.95740509033203,29.37340545654297,-0.018004901707172394,-0.10883331298828125,-0.0006132945418357849,99999.0,-4,2,2
76,242154,11,0.46444424986839294,-48.88330078125,29.07816505432129,0.00010152534377994016,1.4543342590332031,2.3701722966507077e-05,38.52736982768719,-4,2,2
77,242154,12,13.037912368774414,-51.734519958496094,31.66314697265625,-1.0682817697525024,2.143993377685547,1.4182209968566895,11.083530944423782,-3,2,1
78,242154,13,319.0154113769531,-52.49382781982422,32.79475784301758,-0.01975291036069393,-6.036796569824219,0.005225837230682373,99999.0,-3,2,1
79,242154,14,54.06892776489258,-48.88337326049805,27.04421615600586,0.00015799813263583928,1.5449333190917969,1.2333039194345474e-05,99999.0,-4,2,2
80,242155,15,117.73389434814453,-52.38380813598633,22.662118911743164,0.0017729074461385608,-2.1181869506835938,0.007081760559231043,99999.0,-3,5,3
81,242155,0,241.27117919921875,-35.04140090942383,26.623546600341797,-4.48978853225708,2.7059364318847656,0.31098365783691406,99999.0,-1,1,1
82,242155,1,-84.80032348632812,-52.61600875854492,19.85733985900879,-1.7135634422302246,-0.6706428527832031,-3.206542730331421,-16.620726209094272,-3,1,2
83,242155,2,305.35406494140625,-59.487152099609375,22.740314483642578,-0.014458449557423592,-12.333869934082031,0.0054166559129953384,99999.0,-1,1,1
84,242155,3,-65.42169952392578,-53.14603805541992,21.023271560668945,1.7497916221618652,1.8571281433105469,-2.4721109867095947,-7.523320291633941,-3,1,2
85,242155,4,-38.068504333496094,-55.88248062133789,23.966793060302734,-0.0014264185447245836,1.6713333129882812,0.0001302896998822689,-22.954234650511104,-2,1,2
86,242155,5,48.72417449951172,-55.88749694824219,27.74791145324707,-0.0002188478974858299,-0.4920005798339844,-0.0006413404480554163,99999.0,-2,1,1
87,242155,6,-7.68501615524292,-59.38325881958008,26.04178810119629,0.0001670810888754204,1.1069297790527344,0.00011508280294947326,99999.0,-1,1,1
88,242155,7,167.04486083984375,-59.40098571777344,24.292415618896484,-0.016934240236878395,1.0628128051757812,0.00314224511384964,99999.0,-1,1,1
89,242155,8,-268.9676818847656,-48.88240432739258,-0.053328290581703186,0.019992679357528687,-0.5332828760147095,0.19992679357528687,99999.0,-4,2,2
90,242155,9,156.97222900390625,-55.8936653137207,24.03620719909668,-0.018928740173578262,1.0104942321777344,-0.006568003445863724,99999.0,-2,2,2
91,242155,10,262.67547607421875,-48.95921325683594,29.43967628479004,-0.018090205267071724,0.6627082824707031,-0.0008530355989933014,99999.0,-4,2,2
92,242155,11,3.380239248275757,-48.88330078125,29.223155975341797,0.00010398991435067728,1.4499092102050781,2.4645705707371235e-05,40.03543640444443,-4,2,2
93,242155,12,16.21579360961914,-51.834251403808594,31.874534606933594,-0.8954165577888489,2.1138763427734375,1.7286521196365356,10.47695644399338,-3,2,1
94,242155,13,322.2513732910156,-52.495849609375,32.050811767578125,-0.019182588905096054,-7.439460754394531,0.005703214555978775,99999.0,-3,2,1
95,242155,14,56.78181838989258,-48.88337326049805,27.198060989379883,0.0001541202946100384,1.5384483337402344,-3.877838025800884e-05,99999.0,-4,2,2
96,242156,15,119.97718811035156,-52.38362503051758,22.307641983032227,0.0035801588091999292,-3.544769287109375,0.01807251386344433,99999.0,-3,5,3
97,242156,0,243.94813537597656,-35.48982238769531,26.89324951171875,-4.449143409729004,2.6970291137695312,0.4064512252807617,99999.0,-1,1,1
98,242156,1,-82.81584167480469,-52.79863739013672,19.844104766845703,-2.0460727214813232,-0.13235092163085938,-3.3250927925109863,-14.271102099709353,-3,1,2
99,242156,2,307.60418701171875,-59.48860549926758,22.427127838134766,-0.014860150404274464,-3.131866455078125,-0.00401700846850872,99999.0,-1,1,1
100,242156,3,-63.30937194824219,-52.97925567626953,21.210954666137695,1.5095716714859009,1.8768310546875,-2.4021995067596436,-7.609113348069259,-3,1,2
101,242156,4,-35.662662506103516,-55.882625579833984,24.133256912231445,-0.0013088996056467295,1.6646385192871094,0.0011751893907785416,-27.646687933900903,-2,1,2
102,242156,5,51.46661376953125,-55.88752365112305,27.28478240966797,-0.0003684356634039432,-4.631290435791016,-0.0014958776300773025,99999.0,-2,1,1
103,242156,6,-5.074769020080566,-59.38325881958008,26.152082443237305,0.00017380570352543145,1.1029434204101562,6.724614650011063e-05,99999.0,-1,1,1
104,242156,7,169.48046875,-59.40266036987305,24.403249740600586,-0.016728783026337624,1.1083412170410156,0.002054572105407715,99999.0,-1,1,1
105,242156,8,0.0,0.0,0.0,0.0,0.0,0.0,99999.0,-1,2,3
106,242156,9,159.3837432861328,-55.89558029174805,24.17073631286621,-0.019369762390851974,1.3452911376953125,-0.004410222172737122,99999.0,-2,2,2
107,242156,10,265.62567138671875,-48.96101760864258,29.543922424316406,-0.01816386915743351,1.0424613952636719,-0.0007366389036178589,99999.0,-4,2,2
108,242156,11,6.310503959655762,-48.88330078125,29.36762046813965,0.00010479551565367728,1.4446449279785156,8.056013030000031e-06,41.56188407743817,-4,2,2
109,242156,12,19.414648056030273,-51.91621780395508,32.08265686035156,-0.7167783975601196,2.0812225341796875,1.7863816022872925,9.776205694837195,-3,2,1
110,242156,13,325.4382629394531,-52.49772262573242,31.76097297668457,-0.019257161766290665,-2.898387908935547,-0.000745728611946106,99999.0,-3,2,1
111,242156,14,59.510047912597656,-48.88337326049805,27.351259231567383,0.00015946643543429673,1.531982421875,5.3461408242583275e-05,99999.0,-4,2,2
112,242157,15,122.2019271850586,-52.38331604003906,22.22100830078125,0.0028744966257363558,-0.8663368225097656,-0.0070566218346357346,99999.0,-3,5,3
113,242157,0,246.65194702148438,-35.933746337890625,27.16160011291504,-4.3990044593811035,2.6835060119628906,0.5013895034790039,99999.0,-1,1,1
114,242157,1,-80.82987976074219,-53.0096435546875,19.84983253479004,-2.2647836208343506,0.057277679443359375,-2.1871089935302734,-12.69678805923065,-3,1,2
115,242157,2,309.85400390625,-59.4901008605957,22.53029441833496,-0.014667767100036144,1.0316658020019531,0.001923833042383194,99999.0,-1,1,1
116,242157,3,-61.17829132080078,-52.83616256713867,21.397592544555664,1.2807978391647339,1.8663787841796875,-2.28773832321167,-7.69626638255554,-3,1,2
117,242157,4,-33.240211486816406,-55.88275146484375,24.29904556274414,-0.0011704606004059315,1.6578865051269531,0.00138439005240798,-30.015660708228616,-2,1,2
118,242157,5,54.18872833251953,-55.887577056884766,27.211822509765625,-0.00036049814661964774,-0.7295989990234375,7.93751678429544e-05,99999.0,-2,1,1
119,242157,6,-2.4535162448883057,-59.38325881958008,26.26197052001953,0.00017897930229082704,1.0988807678222656,5.173598765395582e-05,99999.0,-1,1,1
120,242157,7,171.9272003173828,-59.404319763183594,24.516342163085938,-0.016690045595169067,1.1309242248535156,0.00038737431168556213,99999.0,-1,1,1
121,242157,8,-268.9937438964844,-48.8834114074707,0.0,0.0,0.0,0.0,99999.0,-4,2,3
122,242157,9,161.8093719482422,-55.89752960205078,24.321054458618164,-0.019732095301151276,1.5031814575195312,-0.0036233291029930115,99999.0,-2,2,2
123,242157,10,268.5871276855469,-48.962825775146484,29.66704559326172,-0.018224038183689117,1.231231689453125,-0.000601690262556076,99999.0,-4,2,2
124,242157,11,9.255183219909668,-48.88330078125,29.51151466369629,0.00010848508100025356,1.4389419555664062,3.6895653465762734e-05,43.10764629769317,-4,2,2
125,242157,12,22.634157180786133,-51.9807014465332,32.28760528564453,-0.5501097440719604,2.0494842529296875,1.6666865348815918,9.39421463885026,-3,2,1
126,242157,13,328.6081237792969,-52.499568939208984,31.6767520904541,-0.019425492733716965,-0.8422088623046875,-0.0016833096742630005,99999.0,-3,2,1
127,242157,14,62.25357437133789,-48.88337326049805,27.503812789916992,0.0001563624246045947,1.5255355834960938,-3.10401082970202e-05,99999.0,-4,2,2
128,242158,15,124.42572021484375,-52.38296890258789,22.27174949645996,0.0026359008625149727,0.5074119567871094,-0.002385957632213831,99999.0,-3,5,3
129,242158,0,249.38247680664062,-36.3723030090332,27.42815399169922,-4.340746879577637,2.665538787841797,0.582575798034668,99999.0,-1,1,1
130,242158,1,-78.8453369140625,-53.240989685058594,19.830089569091797,-2.4179022312164307,-0.19742965698242188,-1.5311861038208008,-11.311355151837185,-3,1,2
131,242158,2,312.12103271484375,-59.49158477783203,22.74872589111328,-0.01434487197548151,2.184314727783203,0.003228951245546341,99999.0,-1,1,1
132,242158,3,-59.02861785888672,-52.71547317504883,21.582021713256836,1.067077875137329,1.8442916870117188,-2.137199640274048,-7.78379811318214,-3,1,2
133,242158,4,-30.80122184753418,-55.88285446166992,24.464174270629883,-0.0010125050321221352,1.6512870788574219,0.001579555682837963,-30.76460486961668,-2,1,2
134,242158,5,56.915462493896484,-55.88761520385742,27.31539535522461,-5.438356674858369e-05,1.0357284545898438,0.0030611457768827677,99999.0,-2,1,1
135,242158,6,0.17870421707630157,-59.38325881958008,26.371456146240234,0.00018115842249244452,1.0948562622070312,2.1791202016174793e-05,99999.0,-1,1,1
136,242158,7,174.38522338867188,-59.405799865722656,24.630470275878906,-0.013302752748131752,1.1412811279296875,0.033872928470373154,99999.0,-1,1,1
137,242158,8,-268.9937438964844,-48.8834114074707,0.0,0.0,0.0,0.0,99999.0,-4,2,3
138,242158,9,164.250244140625,-55.89952087402344,24.478662490844727,-0.020053915679454803,1.576080322265625,-0.0032182037830352783,99999.0,-2,2,2
139,242158,10,271.56121826171875,-48.964637756347656,29.799440383911133,-0.018268268555402756,1.3239479064941406,-0.00044230371713638306,99999.0,-4,2,2
140,242158,11,12.21422004699707,-48.88330078125,29.65481948852539,0.000109585773316212,1.4330482482910156,1.1006923159584403e-05,44.67335242186091,-4,2,2
141,242158,12,25.8740177154541,-52.02943801879883,32.48963165283203,-0.40721333026885986,2.020263671875,1.4289641380310059,9.155684455949656,-3,2,1
142,242158,13,331.7760925292969,-52.5014533996582,31.701393127441406,-0.019361931830644608,0.24641036987304688,0.0006356090307235718,99999.0,-3,2,1
143,242158,14,65.01232147216797,-48.88337326049805,27.655729293823242,0.00015895935939624906,1.5191650390625,2.5969347916543484e-05,99999.0,-4,2,2
144,242159,15,126.65817260742188,-52.38262939453125,22.369441986083984,0.0029786585364490747,0.9769248962402344,0.0034275767393410206,99999.0,-3,5,3
145,242159,0,252.1395721435547,-36.8046989440918,27.692638397216797,-4.275298118591309,2.6448440551757812,0.6544876098632812,99999.0,-1,1,1
146,242159,1,-76.86306762695312,-53.484134674072266,19.812145233154297,-2.477306365966797,-0.179443359375,-0.5940413475036621,-10.248171130937871,-3,1,2
147,242159,2,314.411865234375,-59.49301528930664,23.013446807861328,-0.013918212614953518,2.6472091674804688,0.0042665936052799225,99999.0,-1,1,1
148,242159,3,-56.8605842590332,-52.61558532714844,21.763954162597656,0.87117999792099,1.8193244934082031,-1.9589787721633911,-7.871376070868025,-3,1,2
149,242159,4,-28.345754623413086,-55.88295364379883,24.628646850585938,-0.0008630263619124889,1.6447257995605469,0.0014947867020964622,-30.669327295956087,-2,1,2
150,242159,5,59.65763854980469,-55.887611389160156,27.49807357788086,0.00030340856756083667,1.8267822265625,0.0035779213067144156,99999.0,-2,1,1
151,242159,6,2.8218507766723633,-59.38325881958008,26.480541229248047,0.00018254782480653375,1.090850830078125,1.3894023140892386e-05,99999.0,-1,1,1
152,242159,7,176.8546905517578,-59.407196044921875,24.74496841430664,-0.013623163104057312,1.1449813842773438,-0.0032041035592556,99999.0,-1,1,1
153,242159,8,-268.9937438964844,-48.8834114074707,0.0,0.0,0.0,0.0,99999.0,-4,2,3
154,242159,9,166.7069091796875,-55.90103530883789,24.63943862915039,-0.010288010351359844,1.6077613830566406,0.09765905141830444,99999.0,-2,2,2
155,242159,10,274.54864501953125,-48.96644592285156,29.93627166748047,-0.018304670229554176,1.3683128356933594,-0.00036401674151420593,99999.0,-4,2,2
156,242159,11,15.18755054473877,-48.88330078125,29.797515869140625,0.00011171318328706548,1.4269638061523438,2.1274099708534777e-05,46.259501724798774,-4,2,2
157,242159,12,29.133939743041992,-52.06510543823242,32.68892288208008,-0.2941223978996277,1.9929122924804688,1.1309093236923218,8.965977783098882,-3,2,1
158,242159,13,334.9500732421875,-52.50336837768555,31.7825927734375,-0.019179638475179672,0.8119964599609375,0.001822933554649353,99999.0,-3,2,1
159,242159,14,67.78621673583984,-48.88337326049805,27.8070068359375,0.00015981061733327806,1.5127754211425781,8.512579370290041e-06,99999.0,-4,2,2
160,242160,15,128.89801025390625,-52.38240432739258,22.406795501708984,0.0011436592321842909,0.37353515625,-0.018349993973970413,99999.0,-3,5,3
161,242160,0,254.91273498535156,-37.22884750366211,27.658443450927734,-4.16055965423584,-0.341949462890625,1.1473846435546875,99999.0,-1,1,1
162,242160,1,-74.8824234008789,-53.73124694824219,19.802379608154297,-2.4713196754455566,-0.09765625,0.059866905212402344,-9.43799573834283,-3,1,2
163,242160,2,316.7295837402344,-59.49439239501953,23.297513961791992,-0.013693294487893581,2.8406715393066406,0.0022491812705993652,99999.0,-1,1,1
164,242160,3,-54.6744384765625,-52.53464889526367,21.94350814819336,0.6950259804725647,1.7955398559570312,-1.761540174484253,-7.959007111978804,-3,1,2
165,242160,4,-25.873870849609375,-55.88304138183594,24.792448043823242,-0.0006983503699302673,1.6380119323730469,0.001646759919822216,-30.203050487612167,-2,1,2
166,242160,5,62.41997528076172,-55.88756561279297,27.715789794921875,0.000584499619435519,2.1771621704101562,0.002810910576954484,99999.0,-2,1,1
167,242160,6,5.475884437561035,-59.38325881958008,26.5892276763916,0.00018168026872444898,1.0868644714355469,-8.67556082084775e-06,99999.0,-1,1,1
168,242160,7,179.3355255126953,-59.40847396850586,24.859474182128906,-0.012126360088586807,1.1450576782226562,0.014968030154705048,99999.0,-1,1,1
169,242160,8,-268.9937438964844,-48.8834114074707,0.0,0.0,0.0,0.0,99999.0,-4,2,3
170,242160,9,169.17971801757812,-55.90234375,24.801420211791992,-0.01267032977193594,1.6198158264160156,-0.023823194205760956,99999.0,-2,2,2
171,242160,10,277.54986572265625,-48.96829605102539,30.07505226135254,-0.01834074966609478,1.3878059387207031,-0.0003607943654060364,99999.0,-4,2,2
172,242160,11,18.175121307373047,-48.88330078125,29.93960189819336,0.00011310141417197883,1.4208602905273438,1.3882308849133551e-05,47.8661328816691,-4,2,2
173,242160,12,32.41365051269531,-52.09080505371094,32.88558578491211,-0.2122521549463272,1.9666290283203125,0.8187024593353271,8.730433237732534,-3,2,1
174,242160,13,338.1341247558594,-52.505287170410156,31.894235610961914,-0.019015222787857056,1.1164283752441406,0.0016441568732261658,99999.0,-3,2,1
175,242160,14,70.57521057128906,-48.88337326049805,27.957637786865234,0.00016103146481327713,1.5063095092773438,1.2208474799990654e-05,99999.0,-4,2,2
176,242161,15,131.13633728027344,-52.382259368896484,22.361305236816406,0.0014695742866024375,-0.45490264892578125,0.003259150544181466,99999.0,-3,5,3
177,242161,0,257.6263732910156,-37.634159088134766,26.65522003173828,-3.9109392166137695,-10.032234191894531,2.496204376220703,99999.0,-1,1,1
178,242161,1,-72.90229034423828,-53.9755859375,19.803932189941406,-2.403573751449585,0.01552581787109375,0.6774592399597168,-8.818107432206679,-3,1,2
179,242161,2,319.0758056640625,-59.49576187133789,23.589027404785156,-0.013657267205417156,2.9151344299316406,0.0003602728247642517,99999.0,-1,1,1
180,242161,3,-52.47040557861328,-52.47061538696289,22.120967864990234,0.5396754741668701,1.77459716796875,-1.5535050630569458,-8.046900025028297,-3,1,2
181,242161,4,-23.385650634765625,-55.88309097290039,24.955596923828125,-0.000549615768250078,1.6314888000488281,0.0014873460168018937,-29.895520162898535,-2,1,2
182,242161,5,65.20477294921875,-55.88751983642578,27.94930648803711,0.0007036044844426215,2.3351669311523438,0.001191048650071025,99999.0,-2,1,1
183,242161,6,8.140764236450195,-59.38325881958008,26.69751739501953,0.00018148522940464318,1.0828971862792969,-1.950393198058009e-06,99999.0,-1,1,1
184,242161,7,181.8278045654297,-59.40985107421875,24.973791122436523,-0.01509805303066969,1.1431694030761719,-0.02971692942082882,99999.0,-1,1,1
185,242161,8,-268.9676818847656,-48.88240432739258,-0.053328290581703186,0.019992679357528687,-0.5332828760147095,0.19992679357528687,99999.0,-4,2,3
186,242161,9,171.6687469482422,-55.903934478759766,24.963623046875,-0.019033735617995262,1.6220283508300781,-0.06363406032323837,99999.0,-2,2,2
187,242161,10,280.5650329589844,-48.970149993896484,30.214534759521484,-0.018366720527410507,1.3948249816894531,-0.00025970861315727234,99999.0,-4,2,2
188,242161,11,21.176862716674805,-48.88330078125,30.081073760986328,0.00011369293497409672,1.4147186279296875,5.915208021178842e-06,49.493600759287645,-4,2,2
189,242161,12,35.712890625,-52.10959243774414,33.07963562011719,-0.1593387871980667,1.9404983520507812,0.529133677482605,8.436337254905343,-3,2,1
190,242161,13,341.3304138183594,-52.50720977783203,32.02244186401367,-0.018963012844324112,1.2820625305175781,0.0005220994353294373,99999.0,-3,2,1
191,242161,14,73.37921905517578,-48.88337326049805,28.107627868652344,0.0001621545379748568,1.4999008178710938,1.1230731615796685e-05,99999.0,-4,2,2
192,242162,15,133.37261962890625,-52.38227462768555,22.379379272460938,-0.00219366536475718,0.1807403564453125,-0.03663239628076553,99999.0,-3,5,3
193,242162,0,260.2164001464844,-38.012306213378906,25.435388565063477,-3.6202359199523926,-12.198314666748047,2.9070329666137695,99999.0,-1,1,1
194,242162,1,-70.92154693603516,-54.211830139160156,19.81546401977539,-2.293665647506714,0.11531829833984375,1.099081039428711,-9.436941857700463,-2,1,2
195,242162,2,321.45111083984375,-59.497127532958984,23.882442474365234,-0.013786371797323227,2.9341506958007812,-0.001291045919060707,99999.0,-1,1,1
196,242162,3,-50.24869155883789,-52.42141342163086,22.29667091369629,0.40534570813179016,1.7570304870605469,-1.3432977199554443,-8.135408459952451,-3,1,2
197,242162,4,-20.881149291992188,-55.88314437866211,25.118070602416992,-0.0004505536344368011,1.6247367858886719,0.000990621279925108,-33.32239800464683,-2,1,2
198,242162,5,68.00272369384766,-55.88746643066406,27.88787269592285,0.0006773723289370537,-0.6143379211425781,-0.0002623215550556779,99999.0,-2,1,1
199,242162,6,10.816451072692871,-59.38325881958008,26.805402755737305,0.0001799968449631706,1.0788536071777344,-1.48838444147259e-05,99999.0,-1,1,1
200,242162,7,184.3314666748047,-59.41122055053711,25.08782386779785,-0.013340122066438198,1.1403274536132812,0.01757930964231491,99999.0,-1,1,1
201,242162,8,0.0,0.0,0.0,0.0,0.0,0.0,99999.0,-1,2,3
202,242162,9,174.1740264892578,-55.90556335449219,25.125629425048828,-0.016433557495474815,1.6200637817382812,0.026001781225204468,99999.0,-2,2,2
203,242162,10,283.5941467285156,-48.97200393676758,30.354082107543945,-0.018399236723780632,1.3954734802246094,-0.00032516196370124817,99999.0,-4,2,2
204,242162,11,24.192718505859375,-48.88330078125,30.2219295501709,0.00011453150364104658,1.4085578918457031,8.385686669498682e-06,99999.0,-4,2,2
205,242162,12,39.03138732910156,-52.12418746948242,33.270931243896484,-0.13070231676101685,1.9129562377929688,0.28636470437049866,8.202800114578038,-3,2,1
206,242162,13,344.5401611328125,-52.50912857055664,32.15960693359375,-0.019033411517739296,1.3716506958007812,-0.0007039867341518402,99999.0,-3,2,1
207,242162,14,76.19820404052734,-48.88337326049805,28.256986618041992,0.00016208994202315807,1.4935874938964844,-6.459595169872046e-07,99999.0,-4,2,2
208,242163,15,135.61578369140625,-52.38249206542969,22.48491096496582,-0.003706446150317788,1.0553169250488281,-0.015127807855606079,99999.0,-3,5,3
209,242163,0,262.7328796386719,-38.36471176147461,25.080013275146484,-3.3850598335266113,-3.553752899169922,2.3517608642578125,99999.0,-1,1,1
210,242163,1,-68.94480895996094,-54.46791076660156,19.73199462890625,-2.806654214859009,-0.8346939086914062,-5.129885673522949,-9.117751734798004,-2,1,2
211,242163,2,323.8555908203125,-59.49851989746094,24.175138473510742,-0.014055227860808372,2.926959991455078,-0.0026885606348514557,99999.0,-1,1,1
212,242163,3,-48.00946807861328,-52.38494873046875,22.470914840698242,0.2916596829891205,1.7424392700195312,-1.1368602514266968,-8.224992531690194,-3,1,2
213,242163,4,-18.36043930053711,-55.88319396972656,25.279891967773438,-0.0003186077519785613,1.6182136535644531,0.001319458824582398,-60.39432276457933,-2,1,2
214,242163,5,70.73810577392578,-55.88739776611328,26.85341453552246,0.0004726587503682822,-10.344581604003906,-0.002047135727480054,99999.0,-2,1,1
215,242163,6,13.50290584564209,-59.38325881958008,26.912893295288086,0.00017819057393353432,1.0749053955078125,-1.806271029636264e-05,99999.0,-1,1,1
216,242163,7,186.84228515625,-59.41267013549805,25.076969146728516,-0.01513400487601757,-0.10854721069335938,-0.017938828095793724,99999.0,-1,1,1
217,242163,8,-268.9937438964844,-48.8834114074707,0.0,0.0,0.0,0.0,99999.0,-4,2,3
218,242163,9,176.69058227539062,-55.90720748901367,25.139902114868164,-0.01676858402788639,0.14272689819335938,-0.003350265324115753,99999.0,-2,2,2
219,242163,10,286.63720703125,-48.97386169433594,30.493366241455078,-0.01843644306063652,1.3928413391113281,-0.00037206336855888367,99999.0,-4,2,2
220,242163,11,27.222633361816406,-48.88330078125,30.362173080444336,0.00011571312643354759,1.402435302734375,1.1816227925010026e-05,99999.0,-4,2,2
221,242163,12,42.36883544921875,-52.13676452636719,33.45916748046875,-0.12038903683423996,1.8823623657226562,0.10313279926776886,8.041269017035578,-3,2,1
222,242163,13,347.76385498046875,-52.511043548583984,32.301517486572266,-0.019204074516892433,1.4191055297851562,-0.001706629991531372,99999.0,-3,2,1
223,242163,14,79.03208923339844,-48.88337326049805,28.40570831298828,0.00016470182163175195,1.4872169494628906,2.611879608593881e-05,99999.0,-4,2,2
224,242164,15,137.8721466064453,-52.38299560546875,22.635183334350586,-0.00805404968559742,1.5027236938476562,-0.04347603768110275,99999.0,-3,5,3
225,242164,0,265.24609375,-38.69736099243164,25.157899856567383,-3.238539934158325,0.7788658142089844,1.4651989936828613,99999.0,-1,1,1
226,242164,1,-66.96593475341797,-54.74312973022461,19.82319450378418,-2.845965623855591,0.9119987487792969,-0.3931140899658203,-9.103551676020336,-2,1,2
227,242164,2,326.28912353515625,-59.49993133544922,24.46584701538086,-0.014361195266246796,2.907085418701172,-0.0030596740543842316,99999.0,-1,1,1
228,242164,3,-45.752864837646484,-52.35917663574219,22.643966674804688,0.19759023189544678,1.7305183410644531,-0.9406945109367371,-8.528747938318695,-3,1,2
229,242164,4,-15.823582649230957,-55.883235931396484,25.441041946411133,-0.0002261857589473948,1.6114997863769531,0.0009242199594154954,-604.7891876565246,-2,1,2
230,242164,5,73.34683227539062,-55.887332916259766,25.602487564086914,9.083905752049759e-05,-12.509269714355469,-0.0038181969430297613,99999.0,-2,1,1
231,242164,6,16.20008659362793,-59.38325881958008,27.019987106323242,0.00017744630167726427,1.0709381103515625,-7.44272256270051e-06,99999.0,-1,1,1
232,242164,7,189.3289031982422,-59.41417694091797,24.65511703491211,-0.014982822351157665,-4.2185211181640625,0.0015118252485990524,99999.0,-1,1,1
233,242164,8,-268.9937438964844,-48.8834114074707,0.0,0.0,0.0,0.0,99999.0,-4,2,3
234,242164,9,179.18153381347656,-55.9089241027832,24.667621612548828,-0.017122723162174225,-4.722805023193359,-0.0035413913428783417,99999.0,-2,2,2
235,242164,10,289.6941833496094,-48.97571563720703,30.63222312927246,-0.01847930997610092,1.3885688781738281,-0.00042866915464401245,99999.0,-4,2,2
236,242164,11,30.26653480529785,-48.88330078125,30.501798629760742,0.00011582586012082174,1.3962554931640625,1.12733687274158e-06,23.929251993753162,-4,2,2
237,242164,12,45.71552276611328,-52.14885711669922,33.36867904663086,-0.12115637212991714,-0.9048843383789062,-0.007673352956771851,8.120061464134565,-3,2,1
238,242164,13,351.001953125,-52.51298522949219,32.44578170776367,-0.019433332607150078,1.4426422119140625,-0.0022925809025764465,99999.0,-3,2,1
239,242164,14,81.88080596923828,-48.88337326049805,28.553794860839844,0.00016214066999964416,1.480865478515625,-2.5611516321077943e-05,99999.0,-4,2,2
240,242165,15,140.14491271972656,-52.38406753540039,22.807559967041016,-0.016215302050113678,1.7237663269042969,-0.08161252737045288,99999.0,-3,5,3
241,242165,0,267.7743835449219,-39.01653289794922,25.350500106811523,-3.138608932495117,1.9260025024414062,0.9993100166320801,99999.0,-1,1,1
242,242165,1,-64.9780502319336,-55.03984832763672,19.911088943481445,-3.1565487384796143,0.8789443969726562,-3.1058311462402344,-9.086702466587981,-2,1,2
243,242165,2,328.7515869140625,-59.50138473510742,24.75396156311035,-0.014706077054142952,2.881145477294922,-0.003448817878961563,99999.0,-1,1,1
244,242165,3,-43.479007720947266,-52.34217834472656,22.816009521484375,0.12168914824724197,1.720428466796875,-0.7590108513832092,-9.703289661435726,-3,1,2
245,242165,4,-13.270645141601562,-55.883235931396484,25.60153579711914,-0.00013484912051353604,1.6049385070800781,0.0009133663843385875,99999.0,-2,1,2
246,242165,5,75.87920379638672,-55.887351989746094,25.22278594970703,-0.0006135895382612944,-3.797016143798828,-0.007044286001473665,99999.0,-2,1,1
247,242165,6,18.907955169677734,-59.38325881958008,27.126684188842773,0.00017306464724242687,1.0669708251953125,-4.381654434837401e-05,99999.0,-1,1,1
248,242165,7,191.76370239257812,-59.41569137573242,24.180850982666016,-0.015371779911220074,-4.7426605224609375,-0.0038895756006240845,99999.0,-1,1,1
249,242165,8,-268.9937438964844,-48.8834114074707,0.0,0.0,0.0,0.0,99999.0,-4,2,3
250,242165,9,181.6144256591797,-55.91061019897461,24.142501831054688,-0.01643427461385727,-5.251197814941406,0.006884485483169556,99999.0,-2,2,2
251,242165,10,292.7607116699219,-48.97757339477539,30.63785171508789,-0.01845240220427513,0.056285858154296875,0.00026907771825790405,99999.0,-4,2,2
252,242165,11,33.32382583618164,-48.88330078125,30.624958038330078,0.00011692879343172535,1.2315940856933594,1.1029333109036088e-05,24.13076258011305,-4,2,2
253,242165,12,48.99966049194336,-52.16106414794922,32.34666061401367,-0.12368521094322205,-10.220184326171875,-0.02528838813304901,9.030757739705734,-3,2,1
254,242165,13,354.2545166015625,-52.51493835449219,32.591060638427734,-0.01967574842274189,1.452789306640625,-0.0024241581559181213,99999.0,-3,2,1
255,242165,14,84.74430847167969,-48.88337326049805,28.701251983642578,0.00016632383631076664,1.4745712280273438,4.183166311122477e-05,99999.0,-4,2,2
256,242166,15,142.43516540527344,-52.38554000854492,22.97749137878418,-0.015859972685575485,1.6993141174316406,0.0035532936453819275,99999.0,-3,5,3
257,242166,0,270.32373046875,-39.32795333862305,25.58722686767578,-3.085223436355591,2.367267608642578,0.5338549613952637,99999.0,-1,1,1
258,242166,1,-62.97834777832031,-55.35898208618164,20.04958152770996,-3.3127222061157227,1.3849258422851562,-1.561734676361084,-9.152430511147163,-2,1,2
259,242166,2,331.2426452636719,-59.50286865234375,25.03919792175293,-0.014999579638242722,2.8523635864257812,-0.002935025840997696,99999.0,-1,1,1
260,242166,3,-41.18798065185547,-52.33218765258789,22.987186431884766,0.06220150366425514,1.7117691040039062,-0.5948764681816101,-11.547516958038823,-3,1,2
261,242166,4,-10.70169734954834,-55.883235931396484,25.76136016845703,-7.505333633162081e-05,1.5982437133789062,0.0005979578709229827,99999.0,-2,1,2
262,242166,5,78.40611267089844,-55.88743591308594,25.283920288085938,-0.0007184355054050684,0.6113433837890625,-0.0010484596714377403,99999.0,-2,1,1
263,242166,6,21.62647247314453,-59.38325881958008,27.232990264892578,0.00017557603132445365,1.0630607604980469,2.5113840820267797e-05,99999.0,-1,1,1
264,242166,7,194.1722869873047,-59.41725540161133,24.040225982666016,-0.01553097553551197,-1.40625,-0.0015919562429189682,99999.0,-1,1,1
265,242166,8,-268.9937438964844,-48.8834114074707,0.0,0.0,0.0,0.0,99999.0,-4,2,3
266,242166,9,184.0203094482422,-55.9122314453125,24.025941848754883,-0.01585313118994236,-1.1655998229980469,0.005811434239149094,99999.0,-2,2,2
267,242166,10,295.80194091796875,-48.97940444946289,30.17403221130371,-0.01816270500421524,-4.638195037841797,0.0028969720005989075,99999.0,-4,2,2
268,242166,11,36.38658905029297,-48.88330078125,30.573104858398438,0.00011437368084443733,-0.5185317993164062,-2.555112587288022e-05,26.802965904919397,-4,2,2
269,242166,12,52.15693283081055,-52.17340087890625,31.070735931396484,-0.12795604765415192,-12.759246826171875,-0.042708367109298706,10.536974132168867,-3,2,1
270,242166,13,357.5216369628906,-52.51692199707031,32.73658752441406,-0.019918292760849,1.4552688598632812,-0.0024254433810710907,99999.0,-3,2,1
271,242166,14,87.62248229980469,-48.88337326049805,28.84807586669922,0.00016570673324167728,1.4682388305664062,-6.171030690893531e-06,99999.0,-4,2,2
272,242167,15,144.74159240722656,-52.38736343383789,23.137313842773438,-0.020555440336465836,1.5982246398925781,-0.0469546765089035,99999.0,-3,5,3
273,242167,0,272.8971862792969,-39.63561248779297,25.842586517333984,-3.057722806930542,2.5535964965820312,0.2750062942504883,99999.0,-1,1,1
274,242167,1,-60.96495819091797,-55.69733428955078,20.191652297973633,-3.4948947429656982,1.4207077026367188,-1.8217253684997559,-9.224882714921094,-2,1,2
275,242167,2,333.7511901855469,-59.50437927246094,25.0054931640625,-0.01536223292350769,-0.3370475769042969,-0.0036265328526496887,99999.0,-1,1,1
276,242167,3,-38.87989044189453,-52.32762908935547,23.157588958740234,0.017177484929561615,1.7040252685546875,-0.45024019479751587,-12.69255270819731,-3,1,2
277,242167,4,-8.116802215576172,-55.883235931396484,25.92052459716797,-1.9243869246565737e-05,1.591644287109375,0.00055809470359236,184.3795100424204,-2,1,2
278,242167,5,80.94642639160156,-55.88750457763672,25.464599609375,-0.0005828679422847927,1.806793212890625,0.0013556756312027574,99999.0,-2,1,1
279,242167,6,24.35559844970703,-59.38325881958008,27.338905334472656,0.000173364402144216,1.0591506958007812,-2.211629180237651e-05,99999.0,-1,1,1
280,242167,7,196.5751190185547,-59.41881561279297,24.02423858642578,-0.01565590873360634,-0.15987396240234375,-0.0012493319809436798,99999.0,-1,1,1
281,242167,8,-268.9676818847656,-48.88240432739258,-0.053328290581703186,0.019992679357528687,-0.5332828760147095,0.19992679357528687,99999.0,-4,2,3
282,242167,9,186.4243927001953,-55.913997650146484,24.055429458618164,-0.019182391464710236,0.2948760986328125,-0.03329260274767876,99999.0,-2,2,2
283,242167,10,298.7844543457031,-48.98120880126953,29.620092391967773,-0.017859360203146935,-5.539398193359375,0.0030334480106830597,99999.0,-4,2,2
284,242167,11,39.41847610473633,-48.88329315185547,30.0635929107666,9.811765630729496e-05,-5.095119476318359,-0.00016256024537142366,43.10842922196861,-4,2,2
285,242167,12,55.22935104370117,-52.186668395996094,30.572113037109375,-0.1417911946773529,-4.986228942871094,-0.1383514702320099,11.367133348119438,-3,2,1
286,242167,13,360.80328369140625,-52.518924713134766,32.881919860839844,-0.02013266831636429,1.4533233642578125,-0.002143755555152893,99999.0,-3,2,1
287,242167,14,90.51529693603516,-48.88337326049805,28.99427032470703,0.00016740198771003634,1.461944580078125,1.695254468359053e-05,99999.0,-4,2,2
288,242168,15,147.0643768310547,-52.38947677612305,23.298551559448242,-0.02175445668399334,1.6123771667480469,-0.01199016347527504,99999.0,-3,5,3
289,242168,0,275.49615478515625,-39.94155502319336,26.10544776916504,-3.043522357940674,2.628612518310547,0.14200448989868164,99999.0,-1,1,1
290,242168,1,-58.93610382080078,-56.047874450683594,20.36085319519043,-3.548200845718384,1.6920089721679688,-0.5330610275268555,-9.342125926207586,-2,1,2
291,242168,2,336.1978759765625,-59.50586700439453,23.966625213623047,-0.015003036707639694,-10.388679504394531,0.003591962158679962,99999.0,-1,1,1
292,242168,3,-36.55479049682617,-52.32712936401367,23.32727813720703,-0.01539740152657032,1.6968917846679688,-0.32574886083602905,-13.137744526741223,-3,1,2
293,242168,4,-5.516027927398682,-55.883235931396484,26.079042434692383,1.7975638911593705e-05,1.5851783752441406,0.0003721950633917004,218.48809225633983,-2,1,2
294,242168,5,83.50688934326172,-55.8875617980957,25.694477081298828,-0.00030078974668867886,2.2987747192382812,0.002820781897753477,99999.0,-2,1,1
295,242168,6,27.095293045043945,-59.38325881958008,27.444425582885742,0.00017427736020181328,1.0552024841308594,9.129580575972795e-06,99999.0,-1,1,1
296,242168,7,198.9804229736328,-59.420379638671875,24.071971893310547,-0.01562397088855505,0.47733306884765625,0.00031937845051288605,99999.0,-1,1,1
297,242168,8,0.0,0.0,0.0,0.0,0.0,0.0,99999.0,-1,2,3
298,242168,9,188.83599853515625,-55.9157600402832,24.155773162841797,-0.01702941209077835,1.0034370422363281,0.021529793739318848,99999.0,-2,2,2
299,242168,10,301.73486328125,-48.98298263549805,29.449453353881836,-0.017819322645664215,-1.706390380859375,0.0004003755748271942,99999.0,-4,2,2
300,242168,11,42.388671875,-48.88329315185547,29.488590240478516,4.758931027026847e-05,-5.750026702880859,-0.0005052834749221802,131.99474429269858,-4,2,2
301,242168,12,58.28596878051758,-52.201541900634766,30.546232223510742,-0.1541178971529007,-0.2588081359863281,-0.1232670247554779,11.559353063149178,-3,2,1
302,242168,13,364.0993957519531,-52.52094650268555,33.026817321777344,-0.0203199852257967,1.448974609375,-0.001873169094324112,99999.0,-3,2,1
303,242168,14,93.4227294921875,-48.88337326049805,29.139833450317383,0.00016831228276714683,1.4556312561035156,9.102950571104884e-06,99999.0,-4,2,2
304,242169,15,149.4021759033203,-52.39094924926758,23.440778732299805,-0.0033521077129989862,1.422271728515625,0.18402349948883057,99999.0,-3,5,3
305,242169,0,278.12139892578125,-40.24624252319336,26.371337890625,-3.0283913612365723,2.6589012145996094,0.15130996704101562,99999.0,-1,1,1
306,242169,1,-56.89017868041992,-56.40306091308594,20.54019546508789,-3.550887107849121,1.7934226989746094,-0.026862621307373047,-9.477534522867245,-2,1,2
307,242169,2,338.51849365234375,-59.50730514526367,22.733285903930664,-0.014468615874648094,-12.333393096923828,0.005344208329916,99999.0,-1,1,1
308,242169,3,-34.212764739990234,-52.32950973510742,23.49628448486328,-0.03752511739730835,1.6900634765625,-0.2212771624326706,-13.353042281471902,-3,1,2
309,242169,4,-2.8994369506835938,-55.883235931396484,26.23690414428711,4.5020729885436594e-05,1.5786170959472656,0.00027045089518651366,288.59237905180646,-2,1,2
310,242169,5,86.0909423828125,-55.887577056884766,25.94586944580078,-6.510881939902902e-05,2.5139236450195312,0.0023568093311041594,99999.0,-2,1,1
311,242169,6,29.845521926879883,-59.38325881958008,27.5495548248291,0.0001748645445331931,1.0512924194335938,5.871843313798308e-06,99999.0,-1,1,1
312,242169,7,201.3924560546875,-59.42194366455078,24.152204513549805,-0.015492869541049004,0.8023262023925781,0.001311013475060463,99999.0,-1,1,1
313,242169,8,-268.9937438964844,-48.8834114074707,0.0,0.0,0.0,0.0,99999.0,-4,2,3
314,242169,9,191.2594451904297,-55.91750717163086,24.289669036865234,-0.017530696466565132,1.338958740234375,-0.005012843757867813,99999.0,-2,2,2
315,242169,10,304.6789245605469,-48.98479080200195,29.43803596496582,-0.01788492687046528,-0.11417388916015625,-0.0006560422480106354,99999.0,-4,2,2
316,242169,11,45.32538604736328,-48.88329315185547,29.30655860900879,-2.837544889189303e-05,-1.8203163146972656,-0.0007596475770696998,2112.3331350758267,-4,2,2
317,242169,12,61.34832763671875,-52.21747589111328,30.652788162231445,-0.15971539914608002,1.0655593872070312,-0.05597501993179321,11.516045608350165,-3,2,1
318,242169,13,367.4100341796875,-52.52299499511719,33.171138763427734,-0.02047027461230755,1.4432144165039062,-0.00150289386510849,99999.0,-3,2,1
319,242169,14,96.34469604492188,-48.88337326049805,29.284772872924805,0.0001607058511581272,1.4493942260742188,-7.606431609019637e-05,99999.0,-4,2,2
320,242170,15,151.7526092529297,-52.39199447631836,23.53784942626953,-0.011058885604143143,0.9707069396972656,-0.0770677775144577,99999.0,-3,5,3
321,242170,0,280.77313232421875,-40.54917907714844,26.637948989868164,-3.0062408447265625,2.6661109924316406,0.22150516510009766,99999.0,-1,1,1
322,242170,1,-54.82582473754883,-56.75506591796875,20.733625411987305,-3.4634432792663574,1.9342994689941406,0.8744382858276367,-9.638536224080282,-2,1,2
323,242170,2,340.7679138183594,-59.508758544921875,22.42026138305664,-0.014863952063024044,-3.1302452087402344,-0.003953361883759499,99999.0,-1,1,1
324,242170,3,-31.85386848449707,-52.33378219604492,23.664623260498047,-0.05113379284739494,1.6833877563476562,-0.13608676195144653,-13.465467122120119,-3,1,2
325,242170,4,-0.2670959532260895,-55.88323974609375,26.394105911254883,6.372317875502631e-05,1.5720176696777344,0.00018702448869589716,446.9891636544555,-2,1,2
326,242170,5,88.70024108886719,-55.8875732421875,26.206254959106445,8.134528616210446e-05,2.6038551330566406,0.00146454107016325,99999.0,-2,1,1
327,242170,6,32.606239318847656,-59.38325881958008,27.654298782348633,0.00017361690697725862,1.0474395751953125,-1.2476375559344888e-05,99999.0,-1,1,1
328,242170,7,203.81341552734375,-59.42348098754883,24.249366760253906,-0.015288861468434334,0.9716224670410156,0.002040080726146698,99999.0,-1,1,1
329,242170,8,-268.9937438964844,-48.8834114074707,0.0,0.0,0.0,0.0,99999.0,-4,2,3
330,242170,9,193.69692993164062,-55.919227600097656,24.43941307067871,-0.01662006787955761,1.4974403381347656,0.009106285870075226,99999.0,-2,2,2
331,242170,10,307.6268005371094,-48.986595153808594,29.503868103027344,-0.01796906441450119,0.6583213806152344,-0.0008413754403591156,99999.0,-4,2,2
332,242170,11,48.254119873046875,-48.88329315185547,29.274274826049805,-0.00010175295028602704,-0.32283782958984375,-0.0007337750284932554,-297.30926233533154,-4,2,2
333,242170,12,64.42386627197266,-52.23360824584961,30.81459617614746,-0.15752561390399933,1.6180801391601562,0.021897852420806885,11.313954976775184,-3,2,1
334,242170,13,370.7350769042969,-52.525047302246094,33.31480407714844,-0.020586024969816208,1.4366531372070312,-0.0011575035750865936,99999.0,-3,2,1
335,242170,14,99.28111267089844,-48.8834228515625,29.429086685180664,-0.00111320277210325,1.4431381225585938,-0.012739086523652077,99999.0,-4,2,2
336,242171,15,154.1050567626953,-52.3926887512207,23.49937629699707,-0.0019174973713234067,-0.3847312927246094,0.09141388535499573,99999.0,-3,5,3
337,242171,0,283.4514465332031,-40.8494758605957,26.904010772705078,-2.9747514724731445,2.6606178283691406,0.3148937225341797,99999.0,-1,1,1
338,242171,1,-52.74195098876953,-57.09661102294922,20.93438148498535,-3.318037748336792,2.0075607299804688,1.4540553092956543,-9.814826097425392,-2,1,2
339,242171,2,343.0170593261719,-59.51025390625,22.523523330688477,-0.014676602557301521,1.0326194763183594,0.0018734950572252274,99999.0,-1,1,1
340,242171,3,-29.478178024291992,-52.339168548583984,23.832292556762695,-0.05802213028073311,1.6766929626464844,-0.06888337433338165,-13.528216372207698,-3,1,2
341,242171,4,2.380929470062256,-55.88323974609375,26.55066680908203,7.589333836222067e-05,1.5656089782714844,0.00012170159607194364,1036.0460397035256,-2,1,2
342,242171,5,91.33556365966797,-55.8875732421875,26.469633102416992,0.0001260361314052716,2.6337814331054688,0.00044690846698358655,99999.0,-2,1,1
343,242171,6,35.377410888671875,-59.38325881958008,27.758651733398438,0.0001760000450303778,1.0435295104980469,2.3831380531191826e-05,99999.0,-1,1,1
344,242171,7,206.2445068359375,-59.42499923706055,24.355377197265625,-0.015101456083357334,1.0601043701171875,0.0018740538507699966,99999.0,-1,1,1
345,242171,8,-268.9937438964844,-48.8834114074707,0.0,0.0,0.0,0.0,99999.0,-4,2,3
346,242171,9,196.1495819091797,-55.92088317871094,24.59647560119629,-0.016058403998613358,1.5706253051757812,0.00561663880944252,99999.0,-2,2,2
347,242171,10,310.5833740234375,-48.988407135009766,29.607738494873047,-0.01805827207863331,1.0387039184570312,-0.0008920766413211823,99999.0,-4,2,2
348,242171,11,51.18425369262695,-48.88329315185547,29.314558029174805,-0.00015382595302071422,0.40283203125,-0.000520730041898787,-178.32966940278945,-4,2,2
349,242171,12,67.51643371582031,-52.24916076660156,31.002094268798828,-0.14884032309055328,1.8749809265136719,0.08685290813446045,10.874536564436408,-3,2,1
350,242171,13,374.0744323730469,-52.527099609375,33.457763671875,-0.020672312006354332,1.429595947265625,-0.0008628703653812408,99999.0,-3,2,1
351,242171,14,102.23193359375,-48.88348388671875,29.57277488708496,-0.0005977795226499438,1.4368820190429688,0.005154232494533062,99999.0,-4,2,2
352,242172,15,156.45335388183594,-52.39377975463867,23.48191261291504,-0.022848881781101227,-0.1746368408203125,-0.20931383967399597,99999.0,-3,5,3
353,242172,0,286.15631103515625,-41.14601135253906,27.169044494628906,-2.9305355548858643,2.6503372192382812,0.44215917587280273,99999.0,-1,1,1
354,242172,1,-50.63784408569336,-57.42151641845703,21.14028549194336,-3.115053415298462,2.059040069580078,2.029843330383301,-10.003523928378327,-2,1,2
355,242172,2,345.2834777832031,-59.51173782348633,22.742033004760742,-0.014349074102938175,2.1850967407226562,0.003275284543633461,99999.0,-1,1,1
356,242172,3,-27.085758209228516,-52.34504699707031,23.999303817749023,-0.05977959558367729,1.6701126098632812,-0.017574653029441833,-13.56742346999579,-3,1,2
357,242172,4,5.044575214385986,-55.88323974609375,26.706565856933594,8.112538489513099e-05,1.558990478515625,5.232046532910317e-05,-3168.8490284619024,-2,1,2
358,242172,5,93.99712371826172,-55.8875732421875,26.73305892944336,0.0001106396593968384,2.634258270263672,-0.00015396472008433193,99999.0,-2,1,1
359,242172,6,38.15899658203125,-59.38325881958008,27.862613677978516,0.00017618258425500244,1.0396194458007812,1.8253922462463379e-06,99999.0,-1,1,1
360,242172,7,208.68638610839844,-59.426513671875,24.46595573425293,-0.014939293265342712,1.1057853698730469,0.0016216281801462173,99999.0,-1,1,1
361,242172,8,-268.9937438964844,-48.8834114074707,0.0,0.0,0.0,0.0,99999.0,-4,2,3
362,242172,9,198.61802673339844,-55.922454833984375,24.756744384765625,-0.01519369799643755,1.6026878356933594,0.00864706002175808,99999.0,-2,2,2
363,242172,10,313.5511779785156,-48.99021530151367,29.730514526367188,-0.01813080906867981,1.2277603149414062,-0.0007253699004650116,99999.0,-4,2,2
364,242172,11,54.12046813964844,-48.88329315185547,29.392621994018555,-0.00017994921654462814,0.7806396484375,-0.0002612326352391392,-142.55444463730666,-4,2,2
365,242172,12,70.62802124023438,-52.263587951660156,31.20139503479004,-0.13577957451343536,1.9930076599121094,0.1306074857711792,10.47031462880622,-3,2,1
366,242172,13,377.42291259765625,-52.52915954589844,33.435855865478516,-0.020620234310626984,-0.21907806396484375,0.0005207769572734833,99999.0,-3,2,1
367,242172,14,105.19707489013672,-48.88361740112305,29.715843200683594,-0.001911311992444098,1.4306831359863281,-0.013135325163602829,99999.0,-4,2,2
368,242173,15,158.80523681640625,-52.39518737792969,23.560510635375977,-0.012721843086183071,0.785980224609375,0.10127038508653641,99999.0,-3,5,3
369,242173,0,288.8875427246094,-41.43772888183594,27.432302474975586,-2.8769006729125977,2.632579803466797,0.536348819732666,99999.0,-1,1,1
370,242173,1,-48.51314926147461,-57.72481155395508,21.347396850585938,-2.8735649585723877,2.0711135864257812,2.414884567260742,-13.516665672475337,-1,1,2
371,242173,2,347.5736389160156,-59.51316833496094,23.006839752197266,-0.013921533711254597,2.6480674743652344,0.004275403916835785,99999.0,-1,1,1
372,242173,3,-24.676673889160156,-52.35096740722656,24.16565704345703,-0.0578366219997406,1.6635322570800781,0.019429735839366913,-13.596534854967782,-3,1,2
373,242173,4,7.7237749099731445,-55.88323974609375,26.861820220947266,8.429780427832156e-05,1.5525436401367188,3.172419383190572e-05,-630.1066003462257,-2,1,2
374,242173,5,96.68489074707031,-55.8875732421875,26.99506950378418,5.186720591154881e-05,2.620105743408203,-0.0005877245566807687,99999.0,-2,1,1
375,242173,6,40.950958251953125,-59.38325881958008,27.966196060180664,0.00017735727305989712,1.0358238220214844,1.1746888048946857e-05,99999.0,-1,1,1
376,242173,7,211.13937377929688,-59.4279899597168,24.578805923461914,-0.014826695434749126,1.1285018920898438,0.0011259783059358597,99999.0,-1,1,1
377,242173,8,-268.9676818847656,-48.88240432739258,-0.053328290581703186,0.019992679357528687,-0.5332828760147095,0.19992679357528687,99999.0,-4,2,3
378,242173,9,201.1025390625,-55.923954010009766,24.91822624206543,-0.014511080458760262,1.6148185729980469,0.0068261753767728806,99999.0,-2,2,2
379,242173,10,316.5315856933594,-48.99201965332031,29.862619400024414,-0.018192321062088013,1.3210487365722656,-0.0006151199340820312,99999.0,-4,2,2
380,242173,11,57.06538772583008,-48.88329315185547,29.49069595336914,-0.00018238443590234965,0.9807395935058594,-2.4352193577215075e-05,-125.44037232531069,-4,2,2
381,242173,12,73.75960540771484,-52.27656555175781,31.40546226501465,-0.12060833722352982,2.0406723022460938,0.15171237289905548,10.203462007598205,-3,2,1
382,242173,13,380.7387390136719,-52.531253814697266,32.83222198486328,-0.0200500525534153,-6.036338806152344,0.005701817572116852,99999.0,-3,2,1
383,242173,14,108.17649841308594,-48.88377380371094,29.85828971862793,-0.0014386719558387995,1.4244651794433594,0.004726400598883629,99999.0,-4,2,2
384,242174,15,161.16165161132812,-52.39688491821289,23.492572784423828,-0.0226459838449955,-0.6793785095214844,-0.09924140572547913,99999.0,-3,5,3
385,242174,0,291.6449890136719,-41.7235107421875,27.693756103515625,-2.8110454082489014,2.6145362854003906,0.6585526466369629,99999.0,-1,1,1
386,242174,1,-46.36779022216797,-58.00288391113281,21.553346633911133,-2.6034722328186035,2.059497833251953,2.700927257537842,-13.830639373073199,-1,1,2
387,242174,2,349.8906555175781,-59.51454544067383,23.290990829467773,-0.013692984357476234,2.841510772705078,0.0022854935377836227,99999.0,-1,1,1
388,242174,3,-22.250995635986328,-52.35658264160156,24.33131217956543,-0.053369708359241486,1.6565513610839844,0.04466913640499115,99999.0,-3,1,2
389,242174,4,10.418465614318848,-55.88323974609375,27.016427993774414,8.394017640966922e-05,1.5460777282714844,-3.5762786865234375e-06,-352.0922240688277,-2,1,2
390,242174,5,99.39871215820312,-55.88764572143555,27.254945755004883,-0.0015549840172752738,2.5987625122070312,-0.016068512573838234,99999.0,-2,1,1
391,242174,6,43.753257751464844,-59.38325881958008,28.06939125061035,0.00017828970158006996,1.031951904296875,9.324285201728344e-06,99999.0,-1,1,1
392,242174,7,213.60365295410156,-59.4294548034668,24.69270133972168,-0.014803865924477577,1.1389541625976562,0.00022829510271549225,99999.0,-1,1,1
393,242174,8,0.0,0.0,0.0,0.0,0.0,0.0,99999.0,-1,2,3
394,242174,9,203.6032257080078,-55.92538070678711,25.079959869384766,-0.013898562639951706,1.6173362731933594,0.006125178188085556,99999.0,-2,2,2
395,242174,10,319.52532958984375,-48.99382781982422,29.9991455078125,-0.01824652962386608,1.3652610778808594,-0.0005420856177806854,99999.0,-4,2,2
396,242174,11,60.0205078125,-48.88329315185547,29.59950065612793,-0.00016394566046074033,1.0880470275878906,0.00018438775441609323,-115.1962415945098,-4,2,2
397,242174,12,76.91154479980469,-52.28799057006836,31.61058235168457,-0.10510919243097305,2.0512008666992188,0.15499144792556763,9.762272517030802,-3,2,1
398,242174,13,383.97845458984375,-52.53329849243164,32.088130950927734,-0.019408343359827995,-7.440910339355469,0.006417091935873032,99999.0,-3,2,1
399,242174,14,111.1701431274414,-48.88391876220703,30.000118255615234,-0.0016659469110891223,1.4182853698730469,-0.002272749552503228,99999.0,-4,2,2
400,242175,15,163.49411010742188,-52.39905548095703,23.23874855041504,-0.021624188870191574,-2.5382423400878906,0.010217949748039246,99999.0,-3,5,3
401,242175,0,294.41815185546875,-42.00161361694336,27.65350341796875,-2.7118608951568604,-0.40252685546875,0.9918451309204102,99999.0,-1,1,1
402,242175,1,-44.20195388793945,-58.25337600708008,21.756099700927734,-2.3183326721191406,2.0275306701660156,2.851395606994629,-14.146878386151727,-1,1,2
403,242175,2,352.2362060546875,-59.51591110229492,23.58258056640625,-0.01365482434630394,2.9158973693847656,0.00038160011172294617,99999.0,-1,1,1
404,242175,3,-19.80878448486328,-52.361698150634766,24.49631118774414,-0.04741165041923523,1.6499900817871094,0.05958057940006256,99999.0,-3,1,2
405,242175,4,13.128580093383789,-55.88323974609375,27.170392990112305,8.202653407352045e-05,1.5396499633789062,-1.9136423361487687e-05,-245.69155747448403,-2,1,2
406,242175,5,102.13838958740234,-55.88773727416992,27.512325286865234,-0.0009051535744220018,2.5737953186035156,0.006498304195702076,99999.0,-2,1,1
407,242175,6,46.565853118896484,-59.38325881958008,28.17220115661621,0.00017951354675460607,1.0280990600585938,1.223845174536109e-05,99999.0,-1,1,1
408,242175,7,216.07928466796875,-59.4309196472168,24.80697250366211,-0.014844500459730625,1.1427116394042969,-0.00040634535253047943,99999.0,-1,1,1
409,242175,8,-268.9937438964844,-48.8834114074707,0.0,0.0,0.0,0.0,99999.0,-4,2,3
410,242175,9,206.1151885986328,-55.9267578125,25.094058990478516,-0.013534389436244965,0.1409912109375,0.0036417320370674133,99999.0,-2,2,2
411,242175,10,322.5328063964844,-48.99563217163086,30.13763999938965,-0.018297625705599785,1.3849449157714844,-0.0005109608173370361,99999.0,-4,2,2
412,242175,11,62.98674774169922,-48.88329315185547,29.71412467956543,-0.00013504312664736062,1.146240234375,0.00028902533813379705,-108.12398627254127,-4,2,2
413,242175,12,80.08387756347656,-52.29787826538086,31.814531326293945,-0.0905233845114708,2.03948974609375,0.14585807919502258,9.143224341615328,-3,2,1
414,242175,13,387.1690673828125,-52.53522872924805,31.797836303710938,-0.0194183848798275,-2.9029464721679688,-0.0001004151999950409,99999.0,-3,2,1
415,242175,14,114.17794036865234,-48.88405990600586,30.14133071899414,-0.001073476392775774,1.4121246337890625,0.005924705415964127,99999.0,-4,2,2
416,242176,15,165.8135528564453,-52.400638580322266,23.170194625854492,-0.005317149218171835,-0.6855392456054688,0.16307039558887482,99999.0,-3,5,3
417,242176,0,297.1308288574219,-42.264827728271484,26.637731552124023,-2.51916241645813,-10.157718658447266,1.9269847869873047,99999.0,-1,1,1
418,242176,1,-42.015995025634766,-58.47508239746094,21.954572677612305,-2.028242349624634,1.9847297668457031,2.9009032249450684,-14.462639681137535,-1,1,2
419,242176,2,354.6108093261719,-59.51728057861328,23.876068115234375,-0.013788743875920773,2.93487548828125,-0.0013391952961683273,99999.0,-1,1,1
420,242176,3,-17.35011100769043,-52.36619186401367,24.66065216064453,-0.04070727154612541,1.6434097290039062,0.06704378873109818,-13.002596910342564,-3,1,2
421,242176,4,15.85405445098877,-55.88323974609375,27.323705673217773,7.932580047054216e-05,1.5331268310546875,-2.700733602978289e-05,-189.58004021786942,-2,1,2
422,242176,5,104.90364074707031,-55.88793182373047,27.767051696777344,-0.0028044218197464943,2.5472640991210938,-0.018992682918906212,99999.0,-2,1,1
423,242176,6,49.38871383666992,-59.38325881958008,28.274627685546875,0.00018040843133348972,1.0242652893066406,8.94884578883648e-06,99999.0,-1,1,1
424,242176,7,218.56634521484375,-59.432411193847656,24.921249389648438,-0.014945121482014656,1.1427688598632812,-0.0010062102228403091,99999.0,-1,1,1
425,242176,8,-268.9937438964844,-48.8834114074707,0.0,0.0,0.0,0.0,99999.0,-4,2,3
426,242176,9,208.6015625,-55.92808532714844,24.62159538269043,-0.013032156974077225,-4.724636077880859,0.005022324621677399,99999.0,-2,2,2
427,242176,10,325.55419921875,-48.99747848510742,30.27684783935547,-0.018353912979364395,1.3920783996582031,-0.0005628727376461029,99999.0,-4,2,2
428,242176,11,65.96459197998047,-48.88329315185547,29.83196258544922,-9.901136218104511e-05,1.1783790588378906,0.0003603176446631551,-102.7537667816043,-4,2,2
429,242176,12,83.27640533447266,-52.30638885498047,32.01506805419922,-0.07758866995573044,2.0053672790527344,0.12934714555740356,9.33163814402824,-3,2,1
430,242176,13,390.3425598144531,-52.53708267211914,31.71320152282715,-0.019505729898810387,-0.8463478088378906,-0.0008734501898288727,99999.0,-3,2,1
431,242176,14,117.19981384277344,-48.88412857055664,30.281925201416016,-2.1876208847970702e-05,1.40594482421875,0.010516001842916012,99999.0,-4,2,2
432,242177,15,168.1318359375,-52.40182876586914,23.210861206054688,-0.012816459871828556,0.4066658020019531,-0.07499310374259949,99999.0,-3,5,3
433,242177,0,299.7185363769531,-42.507972717285156,25.404621124267578,-2.301041841506958,-12.331104278564453,2.1812057495117188,99999.0,-1,1,1
434,242177,1,-39.81035232543945,-58.66788101196289,22.148210525512695,-1.742969036102295,1.9363784790039062,2.8527331352233887,-14.776072069688434,-1,1,2
435,242177,2,357.01458740234375,-59.51866912841797,24.16883659362793,-0.014046313241124153,2.927684783935547,-0.002575693652033806,99999.0,-1,1,1
436,242177,3,-14.875040054321289,-52.37000274658203,24.824323654174805,-0.03387987241148949,1.6367149353027344,0.06827399134635925,-13.042993117125553,-3,1,2
437,242177,4,18.594829559326172,-55.88323974609375,27.476375579833984,7.661626295885071e-05,1.5266990661621094,-2.709537511691451e-05,-154.97356589362468,-2,1,2
438,242177,5,107.6942138671875,-55.88814163208008,28.019044876098633,-0.0018393548671156168,2.5199317932128906,0.009650669991970062,99999.0,-2,1,1
439,242177,6,52.2217903137207,-59.38325881958008,28.37666893005371,0.00018075303523801267,1.0204124450683594,3.446039045229554e-06,99999.0,-1,1,1
440,242177,7,221.0647735595703,-59.43392562866211,25.035343170166016,-0.015050209127366543,1.1409378051757812,-0.0010508764535188675,99999.0,-1,1,1
441,242177,8,-268.9937438964844,-48.8834114074707,0.0,0.0,0.0,0.0,99999.0,-4,2,3
442,242177,9,211.0298614501953,-55.929359436035156,24.09669303894043,-0.012679991312325,-5.2490234375,0.0035216566175222397,99999.0,-2,2,2
443,242177,10,328.58953857421875,-48.99933624267578,30.416114807128906,-0.01840241812169552,1.392669677734375,-0.0004850514233112335,99999.0,-4,2,2
444,242177,11,68.95433807373047,-48.88329315185547,29.951616287231445,-6.193547596922144e-05,1.1965370178222656,0.00037075887667015195,-98.41040707100582,-4,2,2
445,242177,12,86.48876953125,-52.31369400024414,32.21249008178711,-0.06663179397583008,1.9742202758789062,0.1095687597990036,9.069815960728167,-3,2,1
446,242177,13,393.51409912109375,-52.53896713256836,31.737506866455078,-0.019400272518396378,0.24305343627929688,0.001054573804140091,99999.0,-3,2,1
447,242177,14,120.23568725585938,-48.884033203125,30.421905517578125,0.002258886117488146,1.3998031616210938,0.02280762419104576,99999.0,-4,2,2
448,242178,15,170.45863342285156,-52.40353775024414,23.32659339904785,-0.02497192844748497,1.1573219299316406,-0.12155468761920929,99999.0,-3,5,3
449,242178,0,302.2317199707031,-42.729942321777344,25.04164695739746,-2.0902578830718994,-3.629741668701172,2.107839584350586,99999.0,-1,1,1
450,242178,1,-37.585514068603516,-58.83251953125,22.3370361328125,-1.4700371026992798,1.8882560729980469,2.7293193340301514,-15.086494031006854,-1,1,2
451,242178,2,359.44757080078125,-59.52008056640625,24.459613800048828,-0.014362308196723461,2.9077720642089844,-0.00315994955599308,99999.0,-1,1,1
452,242178,3,-12.383637428283691,-52.37314224243164,24.987340927124023,-0.027371257543563843,1.6301727294921875,0.06508614867925644,-13.084500432417569,-3,1,2
453,242178,4,21.350831985473633,-55.88323974609375,27.628408432006836,7.285102037712932e-05,1.5203285217285156,-3.765242581721395e-05,-247.38370060926025,-2,1,2
454,242178,5,110.49951171875,-55.88836669921875,27.968563079833984,-0.002271986799314618,-0.5048179626464844,-0.004326319321990013,99999.0,-2,1,1
455,242178,6,55.0650520324707,-59.38325881958008,28.478328704833984,0.00018204572552349418,1.0165977478027344,1.2926902854815125e-05,99999.0,-1,1,1
456,242178,7,223.57034301757812,-59.4354362487793,25.02446746826172,-0.01507639978080988,-0.10875701904296875,-0.00026190653443336487,99999.0,-1,1,1
457,242178,8,-268.9937438964844,-48.8834114074707,0.0,0.0,0.0,0.0,99999.0,-4,2,3
458,242178,9,213.43121337890625,-55.93062973022461,23.98056411743164,-0.012697375379502773,-1.1612892150878906,-0.00017384067177772522,99999.0,-2,2,2
459,242178,10,331.6387939453125,-49.001190185546875,30.555124282836914,-0.018456360325217247,1.3900947570800781,-0.0005394220352172852,99999.0,-4,2,2
460,242178,11,71.95612335205078,-48.88329315185547,30.072343826293945,-2.621395469759591e-05,1.207275390625,0.0003572152054402977,-94.75696568056772,-4,2,2
461,242178,12,89.72078704833984,-52.31998825073242,32.40867233276367,-0.057716719806194305,1.961822509765625,0.08915074169635773,8.889812122843288,-3,2,1
462,242178,13,396.6916809082031,-52.5408821105957,31.818416595458984,-0.01914932020008564,0.8090972900390625,0.002509523183107376,99999.0,-3,2,1
463,242178,14,123.28555297851562,-48.88386154174805,30.5612735748291,0.002084266860038042,1.3936805725097656,-0.0017461925745010376,99999.0,-4,2,2
464,242179,15,172.79931640625,-52.40458679199219,23.47951316833496,0.0026971986517310143,1.5291976928710938,0.2766912877559662,99999.0,-3,5,3
465,242179,0,304.7409362792969,-42.93354797363281,25.11406135559082,-1.9528446197509766,0.7241439819335938,1.3741326332092285,99999.0,-1,1,1
466,242179,1,-35.341941833496094,-58.97043991088867,22.521413803100586,-1.2156141996383667,1.8437767028808594,2.544229030609131,-15.394081242575737,-1,1,2
467,242179,2,361.90936279296875,-59.52153778076172,24.74779510498047,-0.014700392261147499,2.8818130493164062,-0.0033808406442403793,99999.0,-1,1,1
468,242179,3,-9.875967979431152,-52.37565231323242,25.149686813354492,-0.021460024639964104,1.6234588623046875,0.05911232903599739,-13.129734473397102,-3,1,2
469,242179,4,24.121999740600586,-55.88323974609375,27.779794692993164,6.868651689728722e-05,1.5138626098632812,-4.1645034798420966e-05,100.12552614747783,-2,1,2
470,242179,5,113.24314880371094,-55.88854217529297,26.939638137817383,-0.0014479038072749972,-10.289249420166016,0.008240830153226852,99999.0,-2,1,1
471,242179,6,57.91844940185547,-59.38325881958008,28.579612731933594,0.00018241548968944699,1.0128402709960938,3.697641659528017e-06,99999.0,-1,1,1
472,242179,7,226.0517120361328,-59.436946868896484,24.602447509765625,-0.014878296293318272,-4.2201995849609375,0.0019810348749160767,99999.0,-1,1,1
473,242179,8,-268.9676818847656,-48.88240432739258,-0.053328290581703186,0.019992679357528687,-0.5332828760147095,0.19992679357528687,99999.0,-4,2,3
474,242179,9,215.83078002929688,-55.93189239501953,24.01036262512207,-0.012845662422478199,0.2979850769042969,-0.0014828704297542572,99999.0,-2,2,2
475,242179,10,334.7019348144531,-49.00304412841797,30.69370460510254,-0.018516037613153458,1.38580322265625,-0.0005967728793621063,99999.0,-4,2,2
476,242179,11,74.97003173828125,-48.88329315185547,30.1937198638916,5.277783202473074e-06,1.2137603759765625,0.00031491738627664745,-124.18307237292346,-4,2,2
477,242179,12,92.9723129272461,-52.32547378540039,32.602108001708984,-0.05069966986775398,1.934356689453125,0.07017049938440323,8.75046809480943,-3,2,1
478,242179,13,399.8792419433594,-52.54280090332031,31.929805755615234,-0.01889100670814514,1.1138916015625,0.0025831349194049835,99999.0,-3,2,1
479,242179,14,126.344970703125,-48.88350296020508,30.56715965270996,0.004711720626801252,0.05886077880859375,0.026274537667632103,99999.0,-4,2,2
480,242180,15,175.15003967285156,-52.40606689453125,23.45093536376953,-0.031005145981907845,-0.2857780456542969,-0.33702343702316284,99999.0,-3,5,3
481,242180,0,307.2647399902344,-43.123435974121094,25.303897857666016,-1.8410135507583618,1.8983650207519531,1.1183106899261475,99999.0,-1,1,1
482,242180,1,-33.0800666809082,-59.08366394042969,22.70187759399414,-0.9840608835220337,1.8046379089355469,2.31553316116333,-15.699550586674698,-1,1,2
483,242180,2,364.3998107910156,-59.52302169799805,25.033105850219727,-0.014988395385444164,2.853107452392578,-0.002880031242966652,99999.0,-1,1,1
484,242180,3,-7.356997966766357,-52.377586364746094,25.164169311523438,-0.016118600964546204,0.14482498168945312,0.053414236754179,-12.927118809505318,-3,1,2
485,242180,4,26.908275604248047,-55.88323974609375,27.930543899536133,6.787646270822734e-05,1.5074920654296875,-8.100541890598834e-06,37.47980651887834,-2,1,2
486,242180,5,115.86055755615234,-55.88862991333008,25.690608978271484,-0.00016759397112764418,-12.490291595458984,0.012803098186850548,99999.0,-2,1,1
487,242180,6,60.78196334838867,-59.38325881958008,28.68052101135254,0.00018310376617591828,1.0090827941894531,6.8827648647129536e-06,99999.0,-1,1,1
488,242180,7,228.48126220703125,-59.43840789794922,24.12835121154785,-0.014691758900880814,-4.740962982177734,0.0018653739243745804,99999.0,-1,1,1
489,242180,8,0.0,0.0,0.0,0.0,0.0,0.0,99999.0,-1,2,2
490,242180,9,218.23788452148438,-55.933197021484375,24.11096954345703,-0.01310119591653347,1.0060691833496094,-0.0025553349405527115,99999.0,-2,2,2
491,242180,10,337.7745361328125,-49.00490188598633,30.6992130279541,-0.01850140653550625,0.055084228515625,0.00014631077647209167,99999.0,-4,2,2
492,242180,11,77.99609375,-48.88329315185547,30.31494140625,3.3050622732844204e-05,1.2122154235839844,0.0002777283953037113,219.17083840719917,-4,2,2
493,242180,12,96.24296569824219,-52.330326080322266,32.791542053222656,-0.04532120004296303,1.8943405151367188,0.053784698247909546,8.447760779265023,-3,2,1
494,242180,13,403.0791015625,-52.54472351074219,32.057777404785156,-0.01885497197508812,1.2797164916992188,0.00036034733057022095,99999.0,-3,2,1
495,242180,14,129.379150390625,-48.88310623168945,30.10331153869629,0.0037178455386310816,-4.638481140136719,-0.00993875041604042,99999.0,-4,2,2
496,242181,15,177.4794921875,-52.408050537109375,23.215654373168945,-0.014159049838781357,-2.3528099060058594,0.16846096515655518,99999.0,-3,5,3
497,242181,0,309.8094177246094,-43.30492401123047,25.539472579956055,-1.783021092414856,2.3557472229003906,0.5799245834350586,99999.0,-1,1,1
498,242181,1,-30.800262451171875,-59.17460632324219,22.879074096679688,-0.7781519293785095,1.7719650268554688,2.0590896606445312,-16.004095224306614,-1,1,2
499,242181,2,366.90771484375,-59.52452850341797,24.999420166015625,-0.015351258218288422,-0.3368568420410156,-0.0036286283284425735,99999.0,-1,1,1
500,242181,3,-4.863603115081787,-52.37902069091797,24.69202995300293,-0.011671480722725391,-4.721393585205078,0.04447120428085327,-12.00028328562581,-3,1,2
501,242181,4,29.709590911865234,-55.88323974609375,28.08064842224121,6.205678073456511e-05,1.5010452270507812,-5.8196819736622274e-05,30.200927516062492,-2,1,2
502,242181,5,118.40161895751953,-55.8886604309082,25.30947494506836,0.00010186004510615021,-3.81134033203125,0.0026945401914417744,99999.0,-2,1,1
503,242181,6,63.655540466308594,-59.38325881958008,28.781051635742188,0.00018300228111911565,1.0053062438964844,-1.0148505680263042e-06,99999.0,-1,1,1
504,242181,7,230.8846435546875,-59.43987274169922,23.98817253112793,-0.014776300638914108,-1.4017868041992188,-0.0008454173803329468,99999.0,-1,1,1
505,242181,8,-268.9937438964844,-48.8834114074707,0.0,0.0,0.0,0.0,99999.0,-4,2,2
506,242181,9,220.65689086914062,-55.93451690673828,24.24509620666504,-0.013336535543203354,1.3412666320800781,-0.0023533962666988373,99999.0,-2,2,2
507,242181,10,340.8218994140625,-49.00674057006836,30.235458374023438,-0.018220914527773857,-4.637546539306641,0.0028049200773239136,99999.0,-4,2,2
508,242181,11,81.0340805053711,-48.88330078125,30.431415557861328,5.5231346777873114e-05,1.1647415161132812,0.00022180724772624671,58.20755155692776,-4,2,2
509,242181,12,99.53224182128906,-52.33469772338867,32.97481918334961,-0.04126003012061119,1.8327713012695312,0.04061169922351837,7.9870853157880894,-3,2,1
510,242181,13,406.2923278808594,-52.5466194152832,32.19473648071289,-0.018794041126966476,1.3695907592773438,0.0006093084812164307,99999.0,-3,2,1
511,242181,14,132.35462951660156,-48.8826789855957,29.549734115600586,0.00428045867010951,-5.535774230957031,0.005626131314784288,99999.0,-4,2,2
512,242182,15,179.79830932617188,-52.4092903137207,23.18096351623535,-0.006146877072751522,-0.3469085693359375,0.0801217257976532,99999.0,-3,5,3
513,242182,0,312.378173828125,-43.48118209838867,25.79568862915039,-1.73403000831604,2.5621604919433594,0.4899108409881592,99999.0,-1,1,1
514,242182,1,-28.502836227416992,-59.24589538574219,23.053632736206055,-0.5991713404655457,1.7455863952636719,1.7898058891296387,-16.309015797332254,-1,1,2
515,242182,2,369.3761291503906,-59.52602767944336,24.562036514282227,-0.015170566737651825,-4.373836517333984,0.0018069148063659668,99999.0,-1,1,1
516,242182,3,-2.428281545639038,-52.380043029785156,24.166820526123047,-0.008141841739416122,-5.252094268798828,0.03529638797044754,99999.0,-3,1,2
517,242182,4,32.52587890625,-55.88323974609375,28.230119705200195,6.372521602315828e-05,1.4947128295898438,1.668435288593173e-05,29.160476997612626,-2,1,2
518,242182,5,120.9371337890625,-55.88850402832031,25.36969757080078,0.0036382749676704407,0.6022262573242188,0.035364147275686264,99999.0,-2,1,1
519,242182,6,66.5391616821289,-59.38325881958008,28.88120460510254,0.00018398433167021722,1.0015296936035156,9.820505511015654e-06,99999.0,-1,1,1
520,242182,7,233.2823028564453,-59.44133758544922,23.972558975219727,-0.014874046668410301,-0.15613555908203125,-0.0009774602949619293,99999.0,-1,1,1
521,242182,8,-268.9937438964844,-48.8834114074707,0.0,0.0,0.0,0.0,99999.0,-4,2,2
522,242182,9,223.0899200439453,-55.93586349487305,24.39505958557129,-0.013610667549073696,1.4996337890625,-0.0027413200587034225,99999.0,-2,2,2
523,242182,10,343.810546875,-49.008548736572266,29.681222915649414,-0.0179219339042902,-5.542354583740234,0.0029898062348365784,99999.0,-4,2,2
524,242182,11,84.0833511352539,-48.88330078125,30.543773651123047,7.553289469797164e-05,1.1235809326171875,0.0002030154864769429,43.999695809279324,-4,2,2
525,242182,12,102.83926391601562,-52.33875274658203,33.146236419677734,-0.039188042283058167,1.71417236328125,0.020719878375530243,7.722720727663765,-3,2,1
526,242182,13,409.5195617675781,-52.54853820800781,32.33644104003906,-0.018885906785726547,1.4170455932617188,-0.000918656587600708,99999.0,-3,2,1
527,242182,14,135.2980499267578,-48.882381439208984,29.379796981811523,0.0014389791758731008,-1.699371337890625,-0.02841479703783989,99999.0,-4,2,2
528,242183,15,182.1195068359375,-52.410316467285156,23.252370834350586,-0.010213270783424377,0.7140731811523438,-0.040663935244083405,99999.0,-3,5,3
529,242183,0,314.9725646972656,-43.65422439575195,26.059432983398438,-1.70786714553833,2.6374435424804688,0.2616286277770996,99999.0,-1,1,1
530,242183,1,-26.188032150268555,-59.30021667480469,23.226110458374023,-0.44715848565101624,1.7247772216796875,1.5201284885406494,-16.615633852345,-1,1,2
531,242183,2,371.828125,-59.52754592895508,24.526945114135742,-0.015251445583999157,-0.35091400146484375,-0.00080878846347332,99999.0,-1,1,1
532,242183,3,-0.019972380250692368,-52.38074493408203,24.05004119873047,-0.005460461135953665,-1.1677932739257812,0.026813805103302002,99999.0,-3,1,2
533,242183,4,35.357086181640625,-55.88323974609375,28.378952026367188,6.0939331888221204e-05,1.4883232116699219,-2.7858841349370778e-05,29.378514567551257,-2,1,2
534,242183,5,123.48594665527344,-55.88820266723633,25.54937171936035,0.0032062851823866367,1.7967414855957031,-0.004319897852838039,99999.0,-2,1,1
535,242183,6,69.43276977539062,-59.38325881958008,28.980979919433594,0.00018129330419469625,0.9977531433105469,-2.6910274755209684e-05,99999.0,-1,1,1
536,242183,7,235.6824951171875,-59.44284439086914,24.02060890197754,-0.01497181598097086,0.480499267578125,-0.0009776931256055832,99999.0,-1,1,1
537,242183,8,-268.9937438964844,-48.8834114074707,0.0,0.0,0.0,0.0,99999.0,-4,2,2
538,242183,9,225.53814697265625,-55.93722915649414,24.55232810974121,-0.013861139304935932,1.5726852416992188,-0.0025047175586223602,99999.0,-2,2,2
539,242183,10,346.7670593261719,-49.01034927368164,29.509986877441406,-0.017885170876979828,-1.7123603820800781,0.000367630273103714,99999.0,-4,2,2
540,242183,11,87.14405059814453,-48.88330078125,30.658893585205078,8.79909930517897e-05,1.1511993408203125,0.0001245809835381806,39.607155818249154,-4,2,2
541,242183,12,106.16239166259766,-52.34259796142578,33.299049377441406,-0.03761564940214157,1.5281295776367188,0.015723928809165955,7.55989373523467,-3,2,1
542,242183,13,412.7610778808594,-52.55044174194336,32.48051071166992,-0.01917295716702938,1.4406967163085938,-0.0028705038130283356,99999.0,-3,2,1
543,242183,14,138.23516845703125,-48.88231658935547,29.36895179748535,-0.001062775612808764,-0.10845184326171875,-0.025017548352479935,99999.0,-4,2,2
544,242184,15,184.44479370117188,-52.411537170410156,23.18027114868164,-0.015255073085427284,-0.7209968566894531,-0.05041802302002907,99999.0,-3,5,3
545,242184,0,317.59332275390625,-43.824134826660156,26.326627731323242,-1.6702758073806763,2.671947479248047,0.3759133815765381,99999.0,-1,1,1
546,242184,1,-23.856048583984375,-59.34027099609375,23.396949768066406,-0.321138858795166,1.7083930969238281,1.2601962089538574,-17.002057886618903,-1,1,2
547,242184,2,374.28839111328125,-59.529075622558594,24.66657257080078,-0.01498045027256012,1.3962745666503906,0.0027099531143903732,99999.0,-1,1,1
548,242184,3,2.3865272998809814,-52.3812255859375,24.07938003540039,-0.0037182995583862066,0.29338836669921875,0.01742161624133587,99999.0,-3,1,2
549,242184,4,38.2031364440918,-55.88323974609375,28.52714729309082,6.101793405832723e-05,1.4819526672363281,7.860217010602355e-07,30.139902418116854,-2,1,2
550,242184,5,126.0548324584961,-55.88770294189453,25.778242111206055,0.006444744765758514,2.2887039184570312,0.03238459676504135,99999.0,-2,1,1
551,242184,6,72.33633422851562,-59.38325881958008,29.08038330078125,0.00018408232426736504,0.9940338134765625,2.7890200726687908e-05,99999.0,-1,1,1
552,242184,7,238.08944702148438,-59.444358825683594,24.101119995117188,-0.01496294979006052,0.8051109313964844,8.866190910339355e-05,99999.0,-1,1,1
553,242184,8,-268.9937438964844,-48.8834114074707,0.0,0.0,0.0,0.0,99999.0,-4,2,2
554,242184,9,228.00216674804688,-55.93863296508789,24.71278953552246,-0.01411988865584135,1.6046142578125,-0.002587493509054184,99999.0,-2,2,2
555,242184,10,349.7172546386719,-49.01215744018555,29.49810218811035,-0.017943531274795532,-0.11884689331054688,-0.0005836039781570435,99999.0,-4,2,2
556,242184,11,90.21183013916016,-48.88330078125,30.639467239379883,9.703906835056841e-05,-0.19426345825195312,9.048075298778713e-05,42.321348772918974,-4,2,2
557,242184,12,109.49960327148438,-52.346248626708984,33.43141555786133,-0.03520313650369644,1.3236618041992188,0.024125128984451294,7.310396331417242,-3,2,1
558,242184,13,416.01708984375,-52.55236053466797,32.62559509277344,-0.019336119294166565,1.4508438110351562,-0.0016316212713718414,99999.0,-3,2,1
559,242184,14,141.17616271972656,-48.8826904296875,29.435245513916016,-0.007306054700165987,0.6629371643066406,-0.06243279203772545,99999.0,-4,2,2
560,242185,15,186.7458953857422,-52.41277313232422,22.926454544067383,-0.01090951543301344,-2.538166046142578,0.0434555783867836,99999.0,-3,5,3
561,242185,0,320.2406921386719,-43.99055099487305,26.59373664855957,-1.6332898139953613,2.6710891723632812,0.3698599338531494,99999.0,-1,1,1
562,242185,1,-21.507038116455078,-59.36858367919922,23.56649398803711,-0.2192637175321579,1.6954421997070312,1.0187513828277588,-17.734744877466277,-1,1,2
563,242185,2,376.7676086425781,-59.53057098388672,24.88347816467285,-0.014746750704944134,2.169055938720703,0.0023369956761598587,99999.0,-1,1,1
564,242185,3,4.800506591796875,-52.38154602050781,24.17958641052246,-0.0025686630979180336,1.0020637512207031,0.011496365070343018,99999.0,-3,1,2
565,242185,4,41.06397247314453,-55.88323974609375,28.674711227416992,6.015184771968052e-05,1.4756393432617188,-8.6608633864671e-06,31.209928617484035,-2,1,2
566,242185,5,128.64720153808594,-55.887176513671875,26.028654098510742,0.004536110442131758,2.504119873046875,-0.019086342304944992,99999.0,-2,1,1
567,242185,6,75.24982452392578,-59.38325881958008,29.179405212402344,0.00018315356282982975,0.9902191162109375,-9.28761437535286e-06,99999.0,-1,1,1
568,242185,7,240.50531005859375,-59.44587707519531,24.19852638244629,-0.014924160204827785,0.9740638732910156,0.0003878958523273468,99999.0,-1,1,1
569,242185,8,-268.9676818847656,-48.88240432739258,-0.053328290581703186,0.019992679357528687,-0.5332828760147095,0.19992679357528687,99999.0,-4,2,2
570,242185,9,230.48228454589844,-55.94004821777344,24.87446403503418,-0.014340397901833057,1.6167449951171875,-0.0022050924599170685,99999.0,-2,2,2
571,242185,10,352.6711730957031,-49.01396560668945,29.563528060913086,-0.01802830584347248,0.6542587280273438,-0.0008477456867694855,99999.0,-4,2,2
572,242185,11,93.25225067138672,-48.88329315185547,30.159080505371094,8.973856165539473e-05,-4.803867340087891,-7.300506695173681e-05,82.11311555970755,-4,2,2
573,242185,12,112.83929443359375,-52.3497314453125,33.26225662231445,-0.03328285738825798,-1.69158935546875,0.019202791154384613,7.150035763493364,-3,2,1
574,242185,13,419.28765869140625,-52.55431365966797,32.77093505859375,-0.019648738205432892,1.453399658203125,-0.003126189112663269,99999.0,-3,2,1
575,242185,14,144.1259307861328,-48.883445739746094,29.53952407836914,-0.00960003212094307,1.04278564453125,-0.0229397751390934,99999.0,-4,2,2
